name,duration(s),label,notes,spectral slope,spectral roll off,F0,pitch range,max_jump,jitter,shimmer,energy,max intensity,intensity,harmocity,thoughts spectral,speaker
vad4,1.875941043,1,wife,-5.95E-05,1590.425807,514.0245029,517.7838809,1.470955946,0.031206591,0.193167176,1.76E-05,73.73807466,44.06585108,4.523774398,,3
vad10,0.315170068,1,"husband, just s",-5.16E-05,2433.143029,549.4731331,54.67900123,5.26559564,,,3.23E-06,70.7819934,44.52673074,2.005027124,,1
vad12,1.805918367,1,husband,-0.000100195,855.041083,95.22770036,440.6872833,0.181360851,0.041764372,0.230466163,2.27E-05,74.91231275,45.35143993,0.879671582,,1
vad18,0.635306122,1,wife,-0.000100209,510.6943168,244.6664004,37.40749678,0.469130238,0.055238842,0.15771297,7.32E-06,72.15448881,45.01866029,-1.268233573,,3
vad24,1.185600907,1,wife,-9.43E-05,1489.031661,244.9778134,487.6046412,0.016526453,0.017025454,0.214155033,1.66E-05,74.21063623,45.8138257,2.878822837,,3
vad26,0.45521542,1,husband,-6.91E-05,795.3705659,163.5110256,362.4677552,0.942427889,0.025215907,0.212034139,3.88E-06,71.43106018,43.64196685,3.075632756,,1
full,7.458730159,1,both,-7.73E-05,1261.732631,470.8066266,525.0398024,0.614497988,0.030939947,0.210740743,8.33E-05,76.08111226,44.8094958,3.679795622,,NA
