name,duration(s),label,notes,spectral slope,spectral roll off,F0,pitch range,max_jump,jitter,shimmer,energy,max intensity,intensity,harmocity,thoughts spectral,speaker
vad0,2.3061678,3,"wife scream , banging ",-0.007144951,2533.174092,535.0714495,105.9916888,,0.030262548,0.454293026,0.002433988,95.46385826,64.6479788,2.819078676,,3
vad8,0.505238095,1,wife,-0.000475721,1010.253906,81.11430379,293.321228,,0.124684253,0.2203989,2.91E-05,79.39424931,52.06174652,4.658215286,,3
vad10,0.165079365,1,husband,-0.000622655,366.0714286,77.94584015,5.46778492,,0.063545291,0.136795947,1.20E-05,78.08114354,52.96400054,11.02424687,,1
vad12,0.285147392,NA,wife?,-0.000211041,1267.32337,220.5386998,43.43984513,0.578916259,0.012964754,0.161257455,8.57E-06,75.53331923,48.16846177,1.750248266,,3
full,3.501746032,3,mostly wife,-0.005146572,1974.381742,160.0106567,520.0162489,1.070548262,0.026815817,0.171239676,0.002604841,95.46385826,63.11554485,2.610361016,,NA
