name,duration(s),label,notes,spectral slope,spectral roll off,F0,pitch range,max_jump,jitter,shimmer,energy,max intensity,intensity,harmocity,thoughts spectral,speaker
vad0,1.935986395,1,wife,-0.000102596,1373.006185,296.2332736,473.5098202,0.36025331,0.031269813,0.210142125,2.70E-05,75.32340416,45.70073119,1.896828106,,3
vad2,2.976507937,1,husband,-0.000159896,1382.352821,143.3109421,445.1182758,0.550882658,0.033258721,0.193542374,6.43E-05,78.34119059,47.66369378,2.847638952,,1
vad10,0.885442177,1,wife,-0.00012821,1574.775803,284.3581509,96.13994559,0.593391513,0.046530596,0.186744764,1.54E-05,77.89769638,46.84080474,1.839779318,,3
vad12,1.915963719,1,"wife, short husband, inseperable",-0.000227793,1171.792563,220.1100596,467.3505281,0.718126816,0.03023056,0.171939379,5.61E-05,79.16524289,49.01046557,4.914595997,,3
full,7.969024943,1,both,-0.000156475,1338.457612,204.4021002,524.3874277,0.586167517,0.031042455,0.200318406,0.000165663,79.16524089,47.47868259,3.113783275,,NA
