name,duration(s),label,notes,spectral slope,spectral roll off,F0,pitch range,max_jump,jitter,shimmer,energy,max intensity,intensity,harmocity,thoughts spectral,speaker
vad4,0.74537415,1,wife,-0.000253966,545.8658854,236.312589,175.7768677,,0.068812561,0.232988242,2.10E-05,79.26016084,48.52267653,4.148958111,,3
vad6,0.195102041,1,"wife, just sh",-5.65E-05,4409.301758,582.7402166,10.41841311,,,,2.76E-06,71.72267061,46.31000326,3.717378692,,3
vad10,0.835419501,1,wife,-0.000176438,689.9268307,104.2075732,522.0635367,2.332780886,0.0345704,0.228012758,1.67E-05,75.51901412,47.22795183,4.668919984,,3
full,2.646349206,1,wife,-0.000156126,929.6805904,249.9290844,524.9629987,1.198958044,0.055399734,0.210857195,5.06E-05,79.26033984,47.19822375,5.254801455,,NA
