name,duration(s),label,notes,spectral slope,spectral roll off,F0,pitch range,max_jump,jitter,shimmer,energy,max intensity,intensity,harmocity,thoughts spectral,speaker
vad4,1.245646259,1,husband,-0.000489472,718.1005859,146.8013206,510.8040339,1.117122337,0.031423911,0.246193382,7.15E-05,82.50431179,51.81982982,0.405998601,,1
vad6,0.805419501,1,other man,-0.000940579,1419.230769,140.3733045,88.08204381,1.086762577,0.024440219,0.214690624,0.000101876,83.5189446,55.46935438,3.882153342,,2
vad8,0.835419501,1,other man,-0.000719904,1000.378965,152.0993506,468.2152975,0.926627792,0.027396278,0.210485319,7.87E-05,82.66201763,54.03451965,5.235182574,,2
vad12,0.665328798,1,other man,-0.000313911,730.7128906,137.8236174,65.74352466,2.144398765,0.050804648,0.260636899,2.55E-05,79.49249605,50.33841797,3.866640784,,2
vad14,0.515260771,1,other man,-0.00097146,738.8160342,132.042332,137.5903337,0.821953173,0.037060089,0.221542322,5.73E-05,83.77656215,54.89363063,5.565885274,,2
vad20,2.176099773,1,other man (border 2),-0.000376918,1140.655692,184.7314342,489.2659554,1.554716389,0.046225335,0.235862887,0.000102628,81.07298605,51.07799152,3.302349627,"low slope high roll off, this one is more aggressive",2
full,6.678390023,1,close to raising voice,-0.000541969,977.9634565,145.9868278,514.9937166,1.356401031,0.033818623,0.210968909,0.000451959,83.77656225,52.60861196,3.569504017,,NA
