name,duration(s),label,notes,spectral slope,spectral roll off,F0,pitch range,max_jump,jitter,shimmer,energy,max intensity,intensity,harmocity,thoughts spectral,speaker
vad6,1.495759637,1,husband,-5.96E-05,1453.751628,505.219151,524.5266103,0.662084954,0.059843944,0.31077802,1.25E-05,74.89645753,43.59265267,3.673484674,,1
vad10,0.825419501,1,wife,-8.10E-05,1139.918085,82.01807001,110.9070877,0.24814796,0.0377411,0.209267615,8.15E-06,72.29118292,44.43978008,5.261856649,,3
full,3.266689342,1,both,-5.60E-05,1213.703185,159.1023059,524.8183728,1.346605528,0.041482433,0.168053637,2.37E-05,74.89644687,42.98384519,4.436095086,,NA
