name,duration(s),label,notes,spectral slope,spectral roll off,F0,pitch range,max_jump,jitter,shimmer,energy,max intensity,intensity,harmocity,thoughts spectral,speaker
vad0,0.545283447,1,husband,-0.000386439,1274.42516,141.3845006,40.71520282,0.326175982,0.028749403,0.238470846,2.53E-05,79.98682573,50.92295523,2.758166563,,1
vad2,0.295147392,1,wife,-0.000448178,782.430013,197.4773974,14.58780371,0.065619201,0.019289716,0.183254126,1.51E-05,77.94998318,51.65874716,10.55625027,,3
vad10,0.325147392,1,husband,-0.000377356,1160.391348,134.6291209,7.333370221,,0.0080894,0.126620692,1.51E-05,78.4942319,50.85259301,5.039086744,,1
full,2.80138322,1,mostly a glass break,-0.00073974,3904.253472,164.64601,443.5111852,1.079798474,0.026170931,0.177316371,0.002822475,99.83004522,64.3890744,-0.489960914,,NA
