name,duration(s),label,notes,spectral slope,spectral roll off,F0,pitch range,max_jump,jitter,shimmer,energy,max intensity,intensity,harmocity,thoughts spectral,speaker
vad0,1.05553288,2,husband,-0.002407817,738.8384651,307.6606072,420.9886566,1.454390235,0.041002246,0.224040834,0.000330456,87.96029165,59.32052439,1.156752856,,1
vad4,1.325668934,3,"husband, border 2",-0.008906536,615.3667129,435.8831174,179.6603672,0.222181026,0.023436653,0.201173679,0.001587021,94.05966917,65.2037004,6.008052206,,1
vad8,5.867959184,3,mix of wife and husband yelling,-0.003308222,1269.366065,502.4064715,407.0906353,1.071076291,0.038391288,0.212423107,0.002926915,94.62178039,61.32629292,4.251188154,,3
vad10,0.385192744,2,husband,-0.001618819,707.7872984,454.8994465,104.6308167,0.039032825,0.029113428,0.279471013,7.52E-05,84.33067816,57.44682971,0.50151886,,1
full,8.809433107,3,both screaming,-0.003948475,1077.169878,477.6258379,483.4638548,0.915333607,0.03572804,0.214590657,0.004965355,94.62178386,61.86713403,4.197022869,,NA
