name,duration(s),label,notes,spectral slope,spectral roll off,F0,pitch range,max_jump,jitter,shimmer,energy,max intensity,intensity,harmocity,thoughts spectral,speaker
vad0,0.665351474,3,bangs and wife scream,-0.01028912,681.0347946,518.7035702,228.6052394,0.112758642,0.011184445,0.089572628,0.000784706,94.58269774,65.03286878,1.115782939,,3
vad6,0.74537415,2,"husband, wife in backgroud, inseperable",-0.006431336,563.8834635,80.99633616,17.04935998,0.04832926,0.137625364,0.256105002,0.000532079,91.57101101,62.85163355,6.119278453,,1
vad10,1.075555556,2,"husband, wife coughs, inseperable",-0.001719346,814.8179328,106.7553136,379.476587,0.197839335,0.057365591,0.181054582,0.000208364,84.00355109,57.27938572,2.337427871,,1
vad14,1.315668934,2,husband,-0.001563198,488.7787441,355.2331884,386.2181681,0.701689117,0.039266324,0.230448561,0.000231902,85.43244116,56.93362537,-0.017224351,,1
vad16,2.646349206,3,"both, maybe seperable",-0.001863899,965.8479511,410.5732808,466.6474727,1.202910052,0.06473271,0.203576553,0.000665011,88.54694688,58.35729645,2.499588495,,1
vad20,0.155079365,NA,"wife?, short",-0.000938417,1396.747296,558.0791041,7.297953485,,0.003723264,0.19520029,2.21E-05,80.74206797,55.58618543,5.367258216,,3
vad24,0.305147392,3,wife scream,-0.001665213,2014.765625,330.7033317,126.0242403,1.085535121,0.029526971,0.16868721,0.000153667,88.20797622,61.53585106,5.862979157,,3
full,7.203673469,3,"both, him not has high level as her",-0.002992554,848.2799299,346.1465345,497.3659944,0.66975877,0.064030673,0.186595655,0.002636791,94.58269774,59.91465873,3.966896327,,NA
