name,duration(s),label,notes,spectral slope,spectral roll off,F0,pitch range,max_jump,jitter,shimmer,energy,max intensity,intensity,harmocity,thoughts spectral,speaker
vad4,1.655827664,3,"short him at beginning, wife gasping?? Gasping is high arousal?",-0.001265763,932.1876469,389.0543066,342.6945533,1.286065305,0.024528795,0.205745591,0.000283145,86.08874499,56.78052875,3.158670961,,3
vad6,2.096077098,"2,3","husband, wife in backgroud, inseperable",-0.001466338,828.9039249,297.2179188,495.3003512,1.488084825,0.047497349,0.226114155,0.000402966,86.23723718,57.24782119,2.271428659,,1
vad8,4.40723356,3,"both, maybe seperable",-0.002234755,855.6790014,408.3447597,524.5993975,1.198546629,0.018625849,0.189135541,0.001383603,89.75182776,59.34163004,3.896802117,,1
vad10,0.325170068,3,"wife gasp, arousal?",-0.002754858,1072.157118,511.4192187,437.7898298,4.298240927,0.090263332,0.176512895,0.000127014,87.68972386,60.50603439,2.354375326,,3
full,8.564353741,3,"both, him not has high level as her",-0.001863263,870.6745114,385.4007401,524.6097215,1.161725219,0.030073615,0.204438749,0.002200005,89.75183164,58.46887028,3.328418173,,NA
