name,duration(s),label,notes,spectral slope,spectral roll off,F0,pitch range,max_jump,jitter,shimmer,energy,max intensity,intensity,harmocity,thoughts spectral,speaker
vad0,0.895442177,1,husband,-0.004824181,1596.835666,206.2985523,95.88922185,0.425329421,0.045056153,0.174727019,0.000541543,91.86954783,62.24841089,1.228489577,,1
vad2,1.205600907,2,husband,-0.00479082,881.0657619,269.3102055,282.7514193,1.492579315,0.034970882,0.222789457,0.000714629,93.73168825,62.16168223,2.918480386,,1
vad4,0.235124717,1,"wife, grunt",-0.001840927,860.8398438,353.8478976,28.03095133,,0.052932296,0.170575695,5.51E-05,84.34915104,57.6004129,0.454917639,,3
vad14,1.635827664,"1,2",has husband sound at the beginning then wife,-0.005838777,1325.109584,376.157323,345.4044171,1.457339911,0.04373992,0.243830001,0.001664679,96.73657874,64.27018012,0.907258879,,3
full,5.262653061,2,breaking glass,-0.00460696,1661.905732,347.0991601,463.4819363,1.100387648,0.040732985,0.233301357,0.003752453,96.73657252,62.79188321,1.773998429,,NA
