name,duration(s),label,notes,spectral slope,spectral roll off,F0,pitch range,max_jump,jitter,shimmer,energy,max intensity,intensity,harmocity,thoughts spectral,speaker
vad2,1.245623583,2,"wife, tiny tiny bit of husband at the beginning, not sperable",-0.002608005,424.0136719,508.0475782,524.6792519,0.990838529,0.032964118,0.191607943,0.000357179,86.64578328,58.93946054,0.512158052,,3
vad4,2.486258503,3,"wife, border 2",-0.004229592,780.5615234,553.098877,515.2964377,0.186409269,0.015052476,0.145014178,0.001225713,90.62638411,61.42050758,1.102623499,,3
vad6,0.585306122,3,wife scream?,-0.001616574,906.4162234,369.7390016,129.9579017,0.583333147,0.044259037,0.243536993,0.000149836,87.2636484,58.57520119,1.602139081,,3
vad8,1.655827664,3,wife scream,-0.003455927,1032.13478,85.63890605,524.6513893,0.681647362,0.092636973,0.212986062,0.000803856,91.53685974,61.15610518,4.215605366,,3
vad12,0.315147392,2,wife sound?,-0.001692439,904.7288161,107.4390738,9.706727124,0.008110933,0.030488794,,6.04E-05,83.79870912,57.42515902,1.256527843,,3
vad14,1.775895692,1,wife,-0.000907253,1233.791111,467.7610284,464.9759392,0.023678741,0.050218065,0.133218358,0.00020078,83.71557223,54.82072606,3.549737309,,3
vad16,0.085034014,NA,wife,-0.003888893,1221.191406,446.7007053,118.6652687,,,,5.86E-05,84.98751406,62.07538936,5.65593537,,3
full,8.379229025,3,only wife,-0.002784431,883.2462044,413.758525,525.0240082,0.546133184,0.064482157,0.190585445,0.002907959,91.53685044,59.82447962,2.620409994,,NA
