name,duration(s),label,notes,spectral slope,spectral roll off,F0,pitch range,max_jump,jitter,shimmer,energy,max intensity,intensity,harmocity,thoughts spectral,speaker
vad8,0.825419501,2,husband,-0.001038792,728.7706973,193.3959154,117.6055898,0.377032329,0.026072058,0.16681411,0.000122909,84.27549793,56.16520794,7.557907607,,1
full,1.875941043,2,husband,-0.000498392,1053.478115,197.2075304,448.2371439,0.419070512,0.019423864,0.132498072,0.000137216,84.2755583,53.01341182,5.62358557,,NA
